distance_to_subject,prop_type,stories,sale_price,dom,location_similarity,condition_relative,gla,room_count,basement_finish,parking,neighborhood,std_unit_number,std_street_number,std_street_name,std_city,std_province,std_postal_code,std_full_address,subject_address,bedrooms,full_baths,half_baths,location_similarity_score,condition_relative_score
6.03,Townhouse,2 Storey,715000.0,58,Superior,Superior,1675.0,6,Full/Unfinished,1 Car Detached,,14,96,Welland Rd,Fonthill,ON,L0S1E4,"96 Welland Rd, Unit 14, Fonthill, ON, L0S1E4",60 Keystone Trail Welland ON L3B0N8,3,2,1,3.0,3.0
0.05,High Rise Apartment,1 Storey,785000.0,27,Similar,Superior,853.0,5,None,"1, Undgrnd. Stall",,3103,126,Simcoe St,Toronto,ON,M5H4E6,"126 Simcoe St, Unit 3103, Toronto, ON, M5H4E6",915 140 SIMCOE ST Toronto ON M5H4E9,2,2,0,2.0,3.0
0.06,Condominium,1 Storey,237000.0,134,Similar,Inferior,819.0,5,Condo Common,1 Space,,202,550,Talbot Pl,Gananoque,ON,K7G3C6,"550 Talbot Pl, Unit 202, Gananoque, ON, K7G3C6",401 540 Talbot Pl Gananoque ON K7G3C6,2,1,0,2.0,1.0
0.34,High Rise Apartment,1 Storey,970000.0,64,Similar,Similar,1340.0,5,None,"1, Undgrnd. Stall",,904,71,Simcoe St,Toronto,ON,M5J2S9,"71 Simcoe St, Unit 904, Toronto, ON, M5J2S9",915 140 SIMCOE ST Toronto ON M5H4E9,3,2,0,2.0,2.0
1.18,Condominium,Apartment-Low-Rise (,344000.0,17,Similar,Inferior,875.0,6,None,"1, Undgrnd. Stall",,105,22,Auburn Bay Link Se,Calgary,AB,T3M1Z8,"22 Auburn Bay Link Se, Unit 105, Calgary, AB, T3M1Z8","119 110 Auburn Meadows View SE Calgary, Alberta T3M 2M2",2,2,0,2.0,1.0
0.77,High Rise Apartment,1 Storey,920000.0,50,Similar,Superior,1043.0,6,None,"1, Undgrnd. Stall",,2805,361,Front St W,Toronto,ON,M5V3R5,"361 Front St W, Unit 2805, Toronto, ON, M5V3R5",915 140 SIMCOE ST Toronto ON M5H4E9,3,2,0,2.0,3.0
19.68,Townhouse,2 Storey,655000.0,111,Superior,Inferior,1600.0,8,Full/Unfinished,2 Car Built-in,,21,4552,Portage Rd,Niagara Falls,ON,L2E0B8,"4552 Portage Rd, Unit 21, Niagara Falls, ON, L2E0B8",60 Keystone Trail Welland ON L3B0N8,4,2,1,3.0,1.0
1.06,Townhouse,2 Storey,520000.0,64,Similar,Inferior,1400.0,6,Full; part finished/3pc,1 Car Detached,,1,150,Broadway,Welland,ON,L3C0J2,"150 Broadway, Unit 1, Welland, ON, L3C0J2",60 Keystone Trail Welland ON L3B0N8,3,2,1,2.0,1.0
0.88,Detached,Bungalow,773000.0,97,Similar,Superior,624.312,4,Full/Finished,Dbl. Det. Gar.,,,632,12 Ave Ne,Calgary,AB,T2E1B1,"632 12 Ave Ne, Calgary, AB, T2E1B1",824 9A ST NE Calgary AB T2E4L6,1,1,0,2.0,3.0
0.22,Townhouse,2 Storey,675000.0,67,Similar,Similar,1178.0,6,Full/Finished,Sgl. Att. Gar.,,,42,Sandringham Crt,Brampton,ON,L6T3Z3,"42 Sandringham Crt, Brampton, ON, L6T3Z3",84 Carleton Pl Brampton ON L6T3Z4,3,2,1,2.0,2.0
0.18,Townhouse,2 Storey,659900.0,7,Similar,Superior,1178.0,7,Full/Finished,Sgl. Att. Gar.,,,41,Lincoln Crt,Brampton,ON,L6T3Z2,"41 Lincoln Crt, Brampton, ON, L6T3Z2",84 Carleton Pl Brampton ON L6T3Z4,3,1,1,2.0,3.0
0.43,Detached,2 Storey,1175000.0,12,Inferior,Superior,2475.72,9,Full/Unfinished,Trpl. Att. Gar.,,,1,Rock Lake Pt Nw,Calgary,AB,T3G0E9,"1 Rock Lake Pt Nw, Calgary, AB, T3G0E9",2 Rockcliff Hts NW Calgary AB T3G0C7,4,3,0,1.0,3.0
1.84,Townhouse,2 Storey,628000.0,12,Similar,Similar,1231.0,7,Full/Finished,Sgl. Att. Gar.,,,238,Fleetwood Cres,Brampton,ON,L6T2E7,"238 Fleetwood Cres, Brampton, ON, L6T2E7",84 Carleton Pl Brampton ON L6T3Z4,4,2,0,2.0,2.0
3.38,Detached,1 Storey,500000.0,118,Similar,Inferior,1032.0,7,Full/Unfinished,2 Car Detached,,,1584,North Shore Dr,Lowbanks,ON,N0A1K0,"1584 North Shore Dr, Lowbanks, ON, N0A1K0",52 Pyle Rd Lowbanks ON N0A1K0,3,1,0,2.0,1.0
11.28,Detached,1 Storey,750000.0,88,Superior,Superior,1560.0,7,Full/Unfinished,Driveway,,,12017,Station Rd,Wainfleet,ON,L0S1V0,"12017 Station Rd, Wainfleet, ON, L0S1V0",52 Pyle Rd Lowbanks ON N0A1K0,3,1,0,3.0,3.0
11.28,Detached,1 Storey,830000.0,88,Superior,Superior,1700.0,7,Full/Finished,3.5 Car Detached,,,7167,Rainham Rd,Dunnville,ON,N1A2W8,"7167 Rainham Rd, Dunnville, ON, N1A2W8",52 Pyle Rd Lowbanks ON N0A1K0,3,2,0,3.0,3.0
3.01,Detached,Bungalow,650000.0,123,Inferior,Similar,947.232,5,Full/Finished,Dbl. Det. Gar.,,,3310,Centre St Ne,Calgary,AB,T2E2X8,"3310 Centre St Ne, Calgary, AB, T2E2X8",824 9A ST NE Calgary AB T2E4L6,2,2,0,1.0,2.0
0.77,Detached,Bi-Level,760000.0,22,Superior,Similar,1065.636,5,Full/Finished,Dbl. Det. Gar.,,,924,15 Ave Ne,Calgary,AB,T2E1J1,"924 15 Ave Ne, Calgary, AB, T2E1J1",824 9A ST NE Calgary AB T2E4L6,3,2,0,3.0,2.0
2.7,Detached,2 Storey,1038888.0,29,Superior,Similar,2508.0119999999997,7,Full/Finished,Dbl. Att. Gar.,,,275,Lucas Way Nw,Calgary,AB,T3P0R5,"275 Lucas Way Nw, Calgary, AB, T3P0R5",5 Lewiston Rd NE Calgary AB T3P 2J3,3,3,1,3.0,2.0
1.61,Townhouse,2 Storey,632000.0,9,Similar,Superior,1515.0,6,Full/Finished,Sgl. Att. Gar.,,,178,Joshua St,Orléans,ON,K1W0C4,"178 Joshua St, Orléans, ON, K1W0C4",340 Axis Way Ottawa ON K1W 0J9,3,2,1,2.0,3.0
1.57,Townhouse,2 Storey,612500.0,25,Similar,Similar,1740.0,7,Full/Finished,Sgl. Att. Gar.,,,783,Percifor Way,Orléans,ON,K1W0E5,"783 Percifor Way, Orléans, ON, K1W0E5",340 Axis Way Ottawa ON K1W 0J9,3,2,1,2.0,2.0
0.81,Detached,2 Storey,478000.0,10,Similar,Similar,1440.0,5,Full/Unfinished,Dbl. Det. Gar.,,,645,Allard Blvd Sw,Edmonton,AB,T6W2G3,"645 Allard Blvd Sw, Edmonton, AB, T6W2G3",405 Allard Blvd SW Edmonton AB T6W3T3,3,2,1,2.0,2.0
0.67,Detached,2 Storey,468000.0,99,Similar,Similar,1580.0,5,Full/Unfinished,Dbl. Det. Gar.,,,146,Allard Link Sw,Edmonton,AB,T6W2J1,"146 Allard Link Sw, Edmonton, AB, T6W2J1",405 Allard Blvd SW Edmonton AB T6W3T3,3,2,1,2.0,2.0
0.51,Detached,2 Storey,441500.0,83,Similar,Similar,1425.0,5,Full/Unfinished,Dbl. Det. Gar.,,,3018,Arthurs Cres Sw,Edmonton,AB,T6W2H9,"3018 Arthurs Cres Sw, Edmonton, AB, T6W2H9",405 Allard Blvd SW Edmonton AB T6W3T3,3,2,1,2.0,2.0
0.21,High Rise Apartment,1 Storey,607500.0,,Superior,Inferior,1037.62,5,None,2 Underground Stalls,,2602,510,6 Avenue Se,"Calgary ,",AB,T2G0H1,"510 6 Avenue Se, Unit 2602, Calgary ,, AB, T2G0H1",2306-530 3 St SE Calgary AB T2G 2L8,2,2,0,3.0,1.0
1.92,High Rise Apartment,1 Storey,574900.0,,Superior,Inferior,980.69,6,None,1 Underground Stall,,3205,930,6 Ave Sw,Calgary,AB,T2P1J3,"930 6 Ave Sw, Unit 3205, Calgary, AB, T2P1J3",2306-530 3 St SE Calgary AB T2G 2L8,2,2,0,3.0,1.0
2.3,High Rise Apartment,1 Storey,517500.0,,Inferior,Inferior,965.0,6,None,1 Underground Stall,,1606,1111,10 St Sw,Calgary,AB,T2R1E3,"1111 10 St Sw, Unit 1606, Calgary, AB, T2R1E3",2306-530 3 St SE Calgary AB T2G 2L8,2,2,0,1.0,1.0
9.91,Detached,1 Storey,1315000.0,25,Similar,Superior,2000.0,7,Full/Unfinished,3 Car Attached,,,4,Philips Ct,Haldimand,ON,N1A2W2,"4 Philips Ct, Haldimand, ON, N1A2W2",44041 Hendershot Rd Lowbanks ON N0A1K0,3,2,1,2.0,3.0
10.28,Detached,2 Storey,1195000.0,16,Similar,Similar,2009.0,8,Full/Finished,2 Car Attached,,,1376,Bird Rd,Haldimand,ON,N1A2W2,"1376 Bird Rd, Haldimand, ON, N1A2W2",44041 Hendershot Rd Lowbanks ON N0A1K0,3,2,1,2.0,2.0
1.6,Detached,2 Storey,1410000.0,80,Similar,Inferior,4302.0,8,Full/Finished,2 Car Detached,,,54025,Wellandport Rd,Wainfleet,ON,L0S1V0,"54025 Wellandport Rd, Wainfleet, ON, L0S1V0",44041 Hendershot Rd Lowbanks ON N0A1K0,4,3,1,2.0,1.0
3.27,Detached,2 Storey,1194500.0,108,Superior,Superior,3364.0,8,Full Finished/Walkout,Trpl. Att. Gar.,,,1253,Adamson Dr Sw,Edmonton,AB,T6W1Z4,"1253 Adamson Dr Sw, Edmonton, AB, T6W1Z4",8915 20 Ave SW Edmonton AB T6X2C5,4,2,1,3.0,3.0
2.2,Townhouse,Bungalow,740000.0,42,Similar,Inferior,1465.0,9,"Full, Unfinished",Dbl. Att. Gar.,,,90,Kinmount Pvt,Kanata,ON,K2T1K1,"90 Kinmount Pvt, Kanata, ON, K2T1K1","82 Morenz Terrace Ottawa, Ontario K2K 3H2",2,2,0,2.0,1.0
7.38,Detached,2 Storey,1005000.0,26,Similar,Similar,2411.136,8,Full/Finished,Dbl. Att. Gar.,,,85,Sage Hill Cres Nw,Calgary,AB,T3R1Y2,"85 Sage Hill Cres Nw, Calgary, AB, T3R1Y2",5 Lewiston Rd NE Calgary AB T3P 2J3,4,2,1,2.0,2.0
2.95,Detached,2 Storey,1020000.0,12,Superior,Inferior,2669.4719999999998,9,Full/Finished,Dbl. Att. Gar.,,,18,Carrington Rd Nw,Calgary,AB,T3P1L8,"18 Carrington Rd Nw, Calgary, AB, T3P1L8",5 Lewiston Rd NE Calgary AB T3P 2J3,5,4,0,3.0,1.0
0.02,Townhouse,2 Storey,327000.0,51,Inferior,Inferior,1044.0,6,Full/Finished,No Garage,,,771,Ashwood Dr,Kingston,ON,K7M6X7,"771 Ashwood Dr, Kingston, ON, K7M6X7",142-950 Oakview Ave Kingston ON K7M 6W8,3,1,0,1.0,1.0
5.44,Duplex,2 Storey,645000.0,24,Superior,Similar,1962.0,9,Full/Unfinished,Driveway,,,1105,Haist St,Pelham,ON,L0S1E2,"1105 Haist St, Pelham, ON, L0S1E2",31 YOUNG ST Welland ON L3B4C5,4,2,0,3.0,2.0
1.56,Duplex,Split Level,570000.0,77,Similar,Superior,2054.0,10,Adjusted above in LFA,Driveway,,,168,Windsor St,Welland,ON,L3C6T6,"168 Windsor St, Welland, ON, L3C6T6",31 YOUNG ST Welland ON L3B4C5,5,2,0,2.0,3.0
11.77,Duplex,2.5 Storey,573000.0,45,Similar,Similar,2185.0,9,Full/Unfinished,Dbl. Det. Gar.,,,226,Kent St,Port Colborne,ON,L3K3A1,"226 Kent St, Port Colborne, ON, L3K3A1",31 YOUNG ST Welland ON L3B4C5,4,2,0,2.0,2.0
1.52,Detached,2 Storey,779000.0,32,Similar,Inferior,1993.0,6,Full/Finished,Sgl. Att. Gar.,,,2402,Regatta Ave,Nepean,ON,K2J0T8,"2402 Regatta Ave, Nepean, ON, K2J0T8",45 Clonfadda Terr Nepean ON K2J 6E9,3,3,1,2.0,1.0
1.22,Detached,2 Storey,715000.0,49,Similar,Similar,1746.0,6,Full/Part Finished,Sgl. Att. Gar.,,,328,Appalachian Cir,Nepean,ON,K2J6X3,"328 Appalachian Cir, Nepean, ON, K2J6X3",45 Clonfadda Terr Nepean ON K2J 6E9,3,2,1,2.0,2.0
0.51,Detached,2 Storey,750000.0,6,Similar,Similar,1919.0,7,"Full, Unfinished",Sgl. Att. Gar.,,,111,Damselfly Way,Nepean,ON,K2J6C4,"111 Damselfly Way, Nepean, ON, K2J6C4",45 Clonfadda Terr Nepean ON K2J 6E9,3,2,1,2.0,2.0
0.83,High Rise Apartment,1 Storey,385000.0,,Similar,Inferior,558.27,5,No Basement,"1, Undgrnd. Stall",,1606,108,Waterfront Crt Sw,Calgary,AB,T2P1K7,"108 Waterfront Crt Sw, Unit 1606, Calgary, AB, T2P1K7",1606-730 2 Ave SW Calgary AB T2P 1R8,1,1,0,2.0,1.0
1.57,High Rise Apartment,1 Storey,412500.0,,Superior,Inferior,552.87,5,No Basement,"1, Undgrnd. Stall",,2104,930,16 Ave Sw,Calgary,AB,T2R1C2,"930 16 Ave Sw, Unit 2104, Calgary, AB, T2R1C2",1606-730 2 Ave SW Calgary AB T2P 1R8,1,1,0,3.0,1.0
0.0,High Rise Apartment,1 Storey,405000.0,,Inferior,Similar,512.09,5,No Basement,Street,,1112,730,2 Ave Sw,Calgary,AB,T2P1R8,"730 2 Ave Sw, Unit 1112, Calgary, AB, T2P1R8",1606-730 2 Ave SW Calgary AB T2P 1R8,1,1,0,1.0,2.0
0.3,Condominium,2 Storey,450000.0,5,Similar,Superior,1366.0,6,Full/Part Finished,Lot,,,238,Willett St,Halifax,NS,B3M3C8,"238 Willett St, Halifax, NS, B3M3C8",96 Forestside Cres Halifax NS B3M1M4,4,1,1,2.0,3.0
0.01,Condominium,2 Storey,405000.0,4,Similar,Inferior,1386.0,5,Full/Part Finished,Lot,,,92,Forestside Cres,Halifax,NS,B3M1M4,"92 Forestside Cres, Halifax, NS, B3M1M4",96 Forestside Cres Halifax NS B3M1M4,3,1,1,2.0,1.0
0.07,Condominium,2 Storey,433000.0,14,Similar,Superior,1386.0,5,Part Finished,Lot,,,75,Forestside Cres,Halifax,NS,B3M1M5,"75 Forestside Cres, Halifax, NS, B3M1M5",96 Forestside Cres Halifax NS B3M1M4,4,1,1,2.0,3.0
5.07,Detached,1 Storey,354500.0,29,Similar,Inferior,1765.0,9,Crawl Space,Sgl. Det. gar.,,,23805,Merlin Rd,Tilbury,ON,N0P2L0,"23805 Merlin Rd, Tilbury, ON, N0P2L0",6997 Creek Line Pain Court ON N0P1Z0,3,1,0,2.0,1.0
2.17,Detached,2 Storey,842500.0,90,Inferior,Similar,2770.0,8,Full Finished/Walkout,Dbl. Att. Gar.,,,3116,Winspear Cres Sw,Edmonton,AB,T6X1P3,"3116 Winspear Cres Sw, Edmonton, AB, T6X1P3",8915 20 Ave SW Edmonton AB T6X2C5,4,2,1,1.0,2.0
10.16,Detached,1.5 Storey,492500.0,40,Similar,Superior,1864.0,12,Crawl Space,Driveway,,,6129,Seventh Line W,Merlin,ON,N0P1W0,"6129 Seventh Line W, Merlin, ON, N0P1W0",6997 Creek Line Pain Court ON N0P1Z0,3,2,1,2.0,3.0
2.44,Detached,2 Storey,490000.0,47,Superior,Superior,1700.0,8,Part/Unfinished,Driveway,,,6673,Riverview Line,Chatham,ON,N7M5T1,"6673 Riverview Line, Chatham, ON, N7M5T1",6997 Creek Line Pain Court ON N0P1Z0,3,1,1,3.0,3.0
0.42,Detached,2 Storey,717000.0,11,Similar,Superior,1.0,15,Full/Finished,Single Attached,,,67,Schooner Dr,Kingston,ON,K7K7K1,"67 Schooner Dr, Kingston, ON, K7K7K1",1753 Reginald Bart Dr Kingston ON K7K0E9,4,3,1,2.0,3.0
0.72,Triplex,2 Storey,764900.0,,Similar,Superior,3000.0,9,Included Above,No Garage,,1,21,Cherry St,Kingston,ON,K7K3W2,"21 Cherry St, Unit 1, Kingston, ON, K7K3W2",190 RIDEAU ST Kingston ON K7K3A3,5,3,0,2.0,3.0
0.03,Detached,2.5 Storey,550000.0,8,Similar,Inferior,3.0,14,Cellar,Single Detached,,,198,South St,Gananoque,ON,K7G1A2,"198 South St, Gananoque, ON, K7G1A2",174 South St Gananoque ON K7G1A2,7,5,0,2.0,1.0
0.2,Detached,2 Storey,600000.0,17,Similar,Inferior,2.0,12,Crawl Space,No Garage,,,260,John St,Gananoque,ON,K7G1A7,"260 John St, Gananoque, ON, K7G1A7",174 South St Gananoque ON K7G1A2,4,2,0,2.0,1.0
1.9,Detached,2 Storey,759500.0,9,Similar,Similar,1944.0,7,Full/Part Finished,Dbl. Att. Gar.,,,53,Armagh Way,Nepean,ON,K2J4C1,"53 Armagh Way, Nepean, ON, K2J4C1",40 Tierney Dr Nepean ON K2J 4T3,3,3,1,2.0,2.0
0.92,Detached,2 Storey,650000.0,78,Similar,Similar,1453.0,6,Full/Finished,Sgl. Att. Gar.,,,24,Avonhurst Ave,Nepean,ON,K2J4K9,"24 Avonhurst Ave, Nepean, ON, K2J4K9",40 Tierney Dr Nepean ON K2J 4T3,3,1,1,2.0,2.0
0.43,Detached,2 Storey,725000.0,71,Similar,Similar,1688.0,7,Full/Finished,Sgl. Att. Gar.,,,393,Stoneway Dr,Nepean,ON,K2G6G7,"393 Stoneway Dr, Nepean, ON, K2G6G7",40 Tierney Dr Nepean ON K2J 4T3,3,2,1,2.0,2.0
0.93,Detached,Bi-Level,429900.0,2,Similar,Inferior,864.0,5,Full/Finished,1.5 Det. Gar.,,,137,Myers Point Rd,Head of Jeddore,NS,B0J1P0,"137 Myers Point Rd, Head of Jeddore, NS, B0J1P0",70 Cliffview Lane Head of Jeddore NS B0J1P0,2,1,0,2.0,1.0
9.68,Detached,3 Level Split,500000.0,4,Superior,Inferior,1182.0,6,Part/Full Finished,Dbl (2 Bay) Det. Gar.,,,2,Willowdale Dr,Musquodoboit Harbour,NS,B0J2L0,"2 Willowdale Dr, Musquodoboit Harbour, NS, B0J2L0",70 Cliffview Lane Head of Jeddore NS B0J1P0,3,2,0,3.0,1.0
9.73,Detached,Bungalow,599000.0,47,Superior,Superior,1382.0,5,Secondary Suite,Sgl. Att. Gar.,,,5,Willowdale Dr,Musquodoboit Harbour,NS,B0J2L0,"5 Willowdale Dr, Musquodoboit Harbour, NS, B0J2L0",70 Cliffview Lane Head of Jeddore NS B0J1P0,2,1,0,3.0,3.0
4.69,Detached,2 Storey,844707.0,33,Inferior,Similar,2556.0,7,Full Finished/Walkout,Dbl. Att. Gar.,,,716,40 St Sw,Edmonton,AB,T6X2G4,"716 40 St Sw, Edmonton, AB, T6X2G4",8915 20 Ave SW Edmonton AB T6X2C5,3,2,1,1.0,2.0
0.15,Townhouse,2 Storey,378900.0,38,Similar,Superior,1044.0,6,Full/Finished,No Garage,,,930,Amberdale Cres,Kingston,ON,K7M6V1,"930 Amberdale Cres, Kingston, ON, K7M6V1",142-950 Oakview Ave Kingston ON K7M 6W8,3,2,0,2.0,3.0
1.54,Detached,Bungalow,810000.0,21,Superior,Similar,839.592,4,Full/Finished,Sgl. Det. gar.,,,2536,4 Ave Nw,Calgary,AB,T2N0P4,"2536 4 Ave Nw, Calgary, AB, T2N0P4","504 37 St NW, Calgary, AB T2N 3B8, Canada",2,2,0,3.0,2.0
1.27,Semi Detached,2 Storey,1600000.0,3,Similar,Similar,1120.0,6,Full/Finished,Sgl. Att. Gar.,,,138,Banff Rd,Toronto,ON,M4P2P5,"138 Banff Rd, Toronto, ON, M4P2P5",10 Crofton Rd Toronto ON M4G2B4,3,2,0,2.0,2.0
1.39,Semi Detached,2 Storey,1045000.0,16,Similar,Inferior,1572.0,7,Finished-illegal apartment,Sgl. Att. Gar.,,,20,Del Francesco Way,Maple,ON,L6A3J6,"20 Del Francesco Way, Maple, ON, L6A3J6",11 Bashir St Maple ON L6A3A3,3,3,1,2.0,1.0
1.22,Semi Detached,2 Storey,1105000.0,5,Similar,Superior,1695.0,6,Full/Finished,Sgl. Att. Gar.,,,74,Gianmarco Way,Maple,ON,L6A3J2,"74 Gianmarco Way, Maple, ON, L6A3J2",11 Bashir St Maple ON L6A3A3,3,2,2,2.0,3.0
0.21,Fourplex,Bi-Level,1350000.0,17,Similar,Superior,2002.1039999999998,12,Full/Finished,Rear parking,,,1521,27 Ave Sw,Calgary,AB,T2T1G5,"1521 27 Ave Sw, Calgary, AB, T2T1G5",1633 27 AVE SW Calgary AB T2T1G7,8,4,2,2.0,3.0
0.22,Fourplex,Bi-Level,1190000.0,107,Similar,Inferior,2098.98,11,Full/Finished,Rear parking,,,1527,28 Ave Sw,Calgary,AB,T2T1J3,"1527 28 Ave Sw, Calgary, AB, T2T1J3",1633 27 AVE SW Calgary AB T2T1G7,7,4,0,2.0,1.0
3.01,Fourplex,Bi-Level,1232000.0,57,Similar,Similar,1614.6,12,Full/Finished,Dbl. Det. Gar.,,,4724,Stanley Rd Sw,Calgary,AB,T2S2R2,"4724 Stanley Rd Sw, Calgary, AB, T2S2R2",1633 27 AVE SW Calgary AB T2T1G7,8,4,0,2.0,2.0
1.77,Detached,1.5 Storey,670000.0,2,Superior,Inferior,1011.8159999999999,5,Part/Unfinished,Sgl. Det. gar.,,,2425,3 Ave Nw,Calgary,AB,T2N0L2,"2425 3 Ave Nw, Calgary, AB, T2N0L2","504 37 St NW, Calgary, AB T2N 3B8, Canada",2,1,0,3.0,1.0
0.79,Detached,Bi-Level,669000.0,66,Superior,Inferior,1514.0,6,Full/Finished,Dbl. Att. Gar.,,,56,Douglasview Rise Se,Calgary,AB,T2Z2P4,"56 Douglasview Rise Se, Calgary, AB, T2Z2P4",3666 Douglas Woods Hts SE Calgary AB T2Z2G4,2,3,0,3.0,1.0
2.5,Detached,Bungalow,600000.0,16,Inferior,Similar,1401.0,6,Full/Finished,Sgl. Att. Gar.,,,739,Queensland Dr Se,Calgary,AB,T2J4S8,"739 Queensland Dr Se, Calgary, AB, T2J4S8",3666 Douglas Woods Hts SE Calgary AB T2Z2G4,3,2,1,1.0,2.0
0.0,Condominium,1 Storey,720000.0,,Inferior,Inferior,1342.0,6,None,"1, Undgrnd. Stall",,111,11,Springvale Ave,Halifax,NS,B3N0A3,"11 Springvale Ave, Unit 111, Halifax, NS, B3N0A3",306 11 SPRINGVALE AVE Halifax NS B3N0A3,2,2,0,1.0,1.0
6.41,Condominium,1 Storey,720000.0,,Similar,Inferior,1816.0,7,None,"1, Undgrnd. Stall",,306,79,Bedros Ln,Halifax,NS,B3M4X5,"79 Bedros Ln, Unit 306, Halifax, NS, B3M4X5",306 11 SPRINGVALE AVE Halifax NS B3N0A3,2,2,0,2.0,1.0
1.37,Condominium,1 Storey,405000.0,21,Inferior,Inferior,609.0,8,,1 Space,,920,652,Princess St,Kingston,ON,K7L1E5,"652 Princess St, Unit 920, Kingston, ON, K7L1E5",603 223 PRINCESS ST Kingston ON K7L0G8,2,2,0,1.0,1.0
1.09,Condominium,1 Storey,475000.0,59,Inferior,Inferior,818.0,5,,1 Space,,403,501,Frontenac St,Kingston,ON,K7K4L9,"501 Frontenac St, Unit 403, Kingston, ON, K7K4L9",603 223 PRINCESS ST Kingston ON K7L0G8,2,2,0,1.0,1.0
0.54,Semi Detached,2 Storey,1520000.0,5,Inferior,Inferior,1334.0,6,Full/Finished,Sgl. Det. gar.,,,142,Donlea Dr,East York,ON,M4G2M8,"142 Donlea Dr, East York, ON, M4G2M8",10 Crofton Rd Toronto ON M4G2B4,3,2,0,1.0,1.0
1.16,Detached,2 Storey,715000.0,20,Similar,Similar,2097.0,6,Full/Finished,Dbl. Att. Gar.,,,579,Copperpond Cir Se,Calgary,AB,T2Z0X2,"579 Copperpond Cir Se, Calgary, AB, T2Z0X2",58 Copperleaf Terr SE Calgary AB T2Z0H9,3,3,1,2.0,2.0
0.64,Semi Detached,2 Storey,1680000.0,7,Similar,Similar,1306.0,7,Full/Finished,None,,,128,Donegall Dr,East York,ON,M4G3G8,"128 Donegall Dr, East York, ON, M4G3G8",10 Crofton Rd Toronto ON M4G2B4,3,2,0,2.0,2.0
1.43,Condominium,1 Storey,475000.0,,Similar,Similar,1553.0,6,None,"1, Undgrnd. Stall",,210,40,Regency Park Dr,Halifax,NS,B3S1L4,"40 Regency Park Dr, Unit 210, Halifax, NS, B3S1L4",407 105 Dunbrack St Halifax NS B3M3G7,2,2,0,2.0,2.0
0.0,Condominium,1 Storey,380000.0,,Similar,Inferior,1048.0,5,None,"1, Surface Stall",,801,105,Dunbrack St,Halifax,NS,B3M3G7,"105 Dunbrack St, Unit 801, Halifax, NS, B3M3G7",407 105 Dunbrack St Halifax NS B3M3G7,2,1,0,2.0,1.0
16.86,Detached,2 Storey,890000.0,43,Similar,Superior,3.0,14,Cellar,Single Attached,,,116,Dowdle Rd,Newburgh,ON,K0K2S0,"116 Dowdle Rd, Newburgh, ON, K0K2S0",1841 Fisk Rd Odessa ON K0H2H0,5,2,1,2.0,3.0
5.81,Detached,2 Storey,616000.0,52,Similar,Inferior,2.0,11,Crawl Space,Single Detached,,,3858,County Rd 1 E,Yarker,ON,K0K3N0,"3858 County Rd 1 E, Yarker, ON, K0K3N0",1841 Fisk Rd Odessa ON K0H2H0,3,1,1,2.0,1.0
2.94,Detached,1.5 Storey,435000.0,168,Superior,Superior,814.0,9,Crawl Space,Sgl. Att. Gar.,,,2738,Isle Of Man Rd,Kingston,ON,K7L4V3,"2738 Isle Of Man Rd, Kingston, ON, K7L4V3",1050 John F. Scott Rd Kingston ON K7L4V3,2,1,1,3.0,3.0
9.98,Detached,Bungalow,349000.0,18,Inferior,Inferior,1.0,7,Cellar,No Garage,,,2480,Hitchcock Rd,Joyceville,ON,K0H1Y0,"2480 Hitchcock Rd, Joyceville, ON, K0H1Y0",1050 John F. Scott Rd Kingston ON K7L4V3,3,1,0,1.0,1.0
0.09,Townhouse,2 Storey,315000.0,95,Inferior,Inferior,1044.0,6,Full/Part Finished,No Garage,,,995,Amberdale Cres,Kingston,ON,K7M6X6,"995 Amberdale Cres, Kingston, ON, K7M6X6",142-950 Oakview Ave Kingston ON K7M 6W8,3,2,0,1.0,1.0
2.09,Semi Detached,2 Storey,1150000.0,8,Similar,Superior,1489.0,7,Full/Finished,Sgl. Att. Gar.,,,3,Blackthorn Dr,Maple,ON,L6A3C3,"3 Blackthorn Dr, Maple, ON, L6A3C3",11 Bashir St Maple ON L6A3A3,3,3,1,2.0,3.0
0.13,Detached,Bungalow,615000.0,15,Superior,Inferior,1286.0,5,Full/Finished,Dbl. Att. Gar.,,,3617,Douglas Woods Hts Se,Calgary,AB,T2Z2G4,"3617 Douglas Woods Hts Se, Calgary, AB, T2Z2G4",3666 Douglas Woods Hts SE Calgary AB T2Z2G4,2,3,0,3.0,1.0
0.13,Detached,2 Storey,880868.0,22,Superior,Superior,2344.0,9,Full/Fin/Walkout,Dbl. Att. Gar.,,,3,Copperleaf Pk Se,Calgary,AB,T2Z0C1,"3 Copperleaf Pk Se, Calgary, AB, T2Z0C1",58 Copperleaf Terr SE Calgary AB T2Z0H9,3,3,1,3.0,3.0
0.07,Townhouse,2-Storey,770000.0,13,Similar,Inferior,1750.0,10,Cellar,No Parking,,,368,Barrie St,Kingston,ON,K7K3T3,"368 Barrie St, Kingston, ON, K7K3T3",118 Colborne St Kingston ON K7K 1C9,6,2,0,2.0,1.0
0.91,Detached,2-Storey,1244900.0,13,Similar,Inferior,2442.0,8,Full/Finished,Dbl. Att. Gar.,,,334,Shadehill Cres,Nepean,ON,K2J0L6,"334 Shadehill Cres, Nepean, ON, K2J0L6",5 Golflinks Dr Ottawa ON K2J 4X9,3,3,1,2.0,1.0
1.51,Detached,Bungalow Raised,2580000.0,104,Similar,Similar,2017.0,6,Full Finished/Walkout,Dbl. Att. Gar.,,,3948,Vandorf Siderd,Stouffville,ON,L4A4K3,"3948 Vandorf Siderd, Stouffville, ON, L4A4K3",3435 Vandorf Siderd Stouffville ON L4A4H5,3,3,1,2.0,2.0
7.58,Detached,Bungalow,2430000.0,60,Similar,Inferior,2133.0,7,Full Finished/Walkout,Dbl. Att. Gar.,,,11,Union St,Stouffville,ON,L0H1G0,"11 Union St, Stouffville, ON, L0H1G0",3435 Vandorf Siderd Stouffville ON L4A4H5,3,2,2,2.0,1.0
3.46,Detached,Bungalow,2200000.0,59,Similar,Inferior,2676.0,11,Full/Finished,Trpl. Att. Gar.,,,9,Elias Snider Crt,Stouffville,ON,L4A2G3,"9 Elias Snider Crt, Stouffville, ON, L4A2G3",3435 Vandorf Siderd Stouffville ON L4A4H5,4,4,1,2.0,1.0
0.63,Townhouse,2 1/2 Storey,890000.0,13,Superior,Inferior,2250.0,9,Full/Part Finished,1 Parking space,,,133,William St,Kingston,ON,K7L2C7,"133 William St, Kingston, ON, K7L2C7",118 Colborne St Kingston ON K7K 1C9,5,2,1,3.0,1.0
0.37,Townhouse,2 1/2 Storey,770000.0,9,Similar,Inferior,1750.0,10,Cellar,1 Parking space,,,297,University Ave,Kingston,ON,K7L3R3,"297 University Ave, Kingston, ON, K7L3R3",118 Colborne St Kingston ON K7K 1C9,5,1,1,2.0,1.0
0.37,Detached,2 Storey,487000.0,2,Similar,Similar,1200.0,6,Full/Finished,Driveway,,,57,Taleen Dr,Lower Sackville,NS,B4C4A5,"57 Taleen Dr, Lower Sackville, NS, B4C4A5",92 Armcrest Dr Lower Sackville NS B4C3Z9,3,1,1,2.0,2.0
1.74,Detached,2-Storey,1435000.0,79,Similar,Similar,3574.0,8,Full/Finished,Dbl. Att. Gar.,,,142,Chenoa Way,Nepean,ON,K2J0W8,"142 Chenoa Way, Nepean, ON, K2J0W8",5 Golflinks Dr Ottawa ON K2J 4X9,4,4,1,2.0,2.0
0.12,Detached,2 Storey,505000.0,13,Similar,Similar,1540.0,6,Full/Finished,Driveway,,,4,Victoria Dr,Lower Sackville,NS,B4C4C3,"4 Victoria Dr, Lower Sackville, NS, B4C4C3",92 Armcrest Dr Lower Sackville NS B4C3Z9,3,1,1,2.0,2.0
1.62,Detached,2 Storey,475000.0,4,Similar,Similar,1320.0,6,Full/Part Finished,Driveway,,,9,Penstock Crt,Middle Sackville,NS,B4E2L6,"9 Penstock Crt, Middle Sackville, NS, B4E2L6",92 Armcrest Dr Lower Sackville NS B4C3Z9,3,1,1,2.0,2.0
0.68,Detached,2 Storey,826000.0,42,Similar,Inferior,2342.0,8,Unfinished/Walkout,Quad or More Attached,,,565,Boulder Creek Cir,Langdon,AB,T0J1X3,"565 Boulder Creek Cir, Langdon, AB, T0J1X3",260 Boulder Creek Cres Langdon AB T0J 1X3,3,2,1,2.0,1.0
0.45,Detached,Split Level,630000.0,55,Similar,Inferior,1.0,13,Part/Finished,Double Attached,,,862,Kilburn St,Kingston,ON,K7M6A9,"862 Kilburn St, Kingston, ON, K7M6A9",576 Chesham Pl Kingston ON K7M5T5,4,2,0,2.0,1.0
0.13,Detached,1 Storey,655000.0,10,Similar,Similar,1.0,8,Full/Unfinish/WO,Single Attached,,,355,Boxwood St,Kingston,ON,K7M0B4,"355 Boxwood St, Kingston, ON, K7M0B4",576 Chesham Pl Kingston ON K7M5T5,3,2,0,2.0,2.0
0.07,Detached,Bungalow,802500.0,15,Superior,Similar,1011.8159999999999,5,Full/Finished,Sgl. Det. gar.,,,523,35A St Nw,Calgary,AB,T2N3A1,"523 35A St Nw, Calgary, AB, T2N3A1","504 37 St NW, Calgary, AB T2N 3B8, Canada",2,2,0,3.0,2.0
1.05,Detached,2-Storey,1150000.0,16,Similar,Inferior,3756.0,8,Full/Finished,Dbl. Att. Gar.,,,100,Brambling Way,Nepean,ON,K2J5V3,"100 Brambling Way, Nepean, ON, K2J5V3",5 Golflinks Dr Ottawa ON K2J 4X9,4,4,1,2.0,1.0
1.39,Townhouse,2 Storey,635000.0,21,Similar,Superior,1569.0,6,Full/Finished,Sgl. Att. Gar.,,,283,Falsetto St,Orléans,ON,K1W0S4,"283 Falsetto St, Orléans, ON, K1W0S4",340 Axis Way Ottawa ON K1W 0J9,3,3,1,2.0,3.0
0.38,Detached,2 Storey,930000.0,18,Inferior,Similar,2700.0,8,Full/Finished,Quad or More Attached,,,264,Boulder Creek Dr,Langdon,AB,T0J1X3,"264 Boulder Creek Dr, Langdon, AB, T0J1X3",260 Boulder Creek Cres Langdon AB T0J 1X3,3,3,1,1.0,2.0
1.89,Detached,Bungalow,797000.0,107,Inferior,Inferior,1.0,17,Full/Finished/Inlaw,Double Attached,,,868,Roshan Dr,Kingston,ON,K7P0B2,"868 Roshan Dr, Kingston, ON, K7P0B2",5004 Fox Run Pl Kingston ON K7P0E4,4,3,0,1.0,1.0
1.64,Detached,2 Storey,819900.0,43,Similar,Superior,2389.0,9,Full/Finished,Dbl. Att. Gar.,,,2224,Brightoncrest Green Se,Calgary,AB,T2Z5A3,"2224 Brightoncrest Green Se, Calgary, AB, T2Z5A3",58 Copperleaf Terr SE Calgary AB T2Z0H9,3,3,1,2.0,3.0
1.6,Detached,2 Storey,837500.0,36,Inferior,Inferior,1917.0,7,Full/Finished,2 Atta+ 2 Deta,,,115,Hanson Dr Ne,Langdon,AB,T0J1X1,"115 Hanson Dr Ne, Langdon, AB, T0J1X1",260 Boulder Creek Cres Langdon AB T0J 1X3,3,3,1,1.0,1.0
0.47,Detached,2 Storey,760000.0,,Superior,Similar,1788.0,8,Developed/1F,Dbl. Att. Gar.,,,123,Sandringham Pl Nw,Calgary,AB,T3K3V8,"123 Sandringham Pl Nw, Calgary, AB, T3K3V8",184 Sandpiper Cir NW Calgary AB T3K3P4,3,2,1,3.0,2.0
0.67,Detached,1.5 Storey,431000.0,,Inferior,Superior,1004.0,5,Full/Unfinished,Driveway (gravel),,,13,Chestnut Ln,Dartmouth,NS,B2Y3X1,"13 Chestnut Ln, Dartmouth, NS, B2Y3X1",70 Joffre St Dartmouth NS B2Y3C9,3,1,0,1.0,3.0
2.17,Detached,2 Storey,1700000.0,,Inferior,Inferior,3236.0,9,Full Finished/Walkout,Trpl. Att. Gar.,,,75,Aspen Summit Crt Sw,Calgary,AB,T3H0Z3,"75 Aspen Summit Crt Sw, Calgary, AB, T3H0Z3",29 Timberline Crt SW Calgary AB T3H6C8,3,3,1,1.0,1.0
0.43,Detached,Bi-Level,565000.0,,Inferior,Superior,1120.0,5,Developed/1F,Dbl. Att. Gar.,,,91,Taralea Cres Ne,Calgary,AB,T3J5A8,"91 Taralea Cres Ne, Calgary, AB, T3J5A8",323 TARACOVE ESTATE DR NE Calgary AB T3J5A1,1,1,1,1.0,3.0
0.31,Detached,4 Level Split,647500.0,,Inferior,Superior,1259.0,6,Developed/2F,Dbl. Att. Gar.,,,6248,Taralea Pk Ne,Calgary,AB,T3J5A8,"6248 Taralea Pk Ne, Calgary, AB, T3J5A8",323 TARACOVE ESTATE DR NE Calgary AB T3J5A1,3,2,0,1.0,3.0
0.08,Detached,2 Storey,722500.0,,Superior,Similar,1682.55,7,Full/Finished,Dbl. Att. Gar.,,,164,Sandpiper Cir Nw,Calgary,AB,T3K3M5,"164 Sandpiper Cir Nw, Calgary, AB, T3K3M5",184 Sandpiper Cir NW Calgary AB T3K3P4,3,2,1,3.0,2.0
0.67,Detached,1 Storey,441200.0,,Superior,Inferior,1215.0,6,Full/Unfinished,Sn. Bin. Gar. (-),,,27,Cranston Ave,Dartmouth,NS,B2Y3G1,"27 Cranston Ave, Dartmouth, NS, B2Y3G1",70 Joffre St Dartmouth NS B2Y3C9,3,1,0,3.0,1.0
0.01,Detached,4 Level Split,565000.0,,Similar,Superior,1085.91,6,Devel. WO/1F,Dbl. Det. Gar.,,,156,Marquis Pl Se,Airdrie,AB,T4A1Y7,"156 Marquis Pl Se, Airdrie, AB, T4A1Y7",160 Marquis Pl SE Airdrie AB T4A1Y7,3,2,0,2.0,3.0
2.37,Detached,2 Storey,827500.0,,Inferior,Superior,2537.4,9,Full/Finished,Dbl. Att. Gar.,,,286,Taravista Dr Ne,Calgary,AB,T3J5L8,"286 Taravista Dr Ne, Calgary, AB, T3J5L8",120 CASTLEGROVE RD NE Calgary AB T3J1T5,4,2,2,1.0,3.0
2.94,Detached,2 Storey,830000.0,,Superior,Inferior,2811.0,9,Full/Finished,Dbl. Att. Gar.,,,133,Saddlelake Grove Ne,Calgary,AB,T3J0N8,"133 Saddlelake Grove Ne, Calgary, AB, T3J0N8",120 CASTLEGROVE RD NE Calgary AB T3J1T5,4,4,0,3.0,1.0
16.85,Detached,Bungalow,1375000.0,,Similar,Superior,1240.0,6,Full/Finished,Dbl. Att. Gar.,,,8,Hilltop Cres,East Garafraxa,ON,L9W6B8,"8 Hilltop Cres, East Garafraxa, ON, L9W6B8",64232 COUNTY RD 3 East Garafraxa ON L9W7J4,1,2,0,2.0,3.0
0.49,Detached,2 Storey,750000.0,,Inferior,Similar,2336.52,9,Full/Finished,Dbl. Att. Gar.,,,63,Martinview Cres Ne,Calgary,AB,T3J2S5,"63 Martinview Cres Ne, Calgary, AB, T3J2S5",120 CASTLEGROVE RD NE Calgary AB T3J1T5,5,3,0,1.0,2.0
2.41,Detached,3 Storey,942000.0,,Inferior,Superior,3068.75,9,Full/Unfinished,Dbl. Att. Gar.,,,116,Ambleside Cres Nw,Calgary,AB,T3P1S6,"116 Ambleside Cres Nw, Calgary, AB, T3P1S6",53 Lucas Place NW Calgary AB T3P2E2,5,4,1,1.0,3.0
2.86,Detached,3 Storey,635000.0,,Similar,Inferior,1998.7,8,Full/Unfinished,Off Street,,,21,Panora St Nw,Calgary,AB,T3K0R6,"21 Panora St Nw, Calgary, AB, T3K0R6",53 Lucas Place NW Calgary AB T3P2E2,4,3,1,2.0,1.0
0.16,Detached,Split Level,585000.0,36,Superior,Inferior,1.0,,Part / Finished,Single Attached,,,829,Larchwood Cres,Kingston,ON,K7P2P8,"829 Larchwood Cres, Kingston, ON, K7P2P8",844 Cataraqui Woods Dr Kingston ON K7P2P7,4,1,1,3.0,1.0
0.5,Detached,2 Storey,544000.0,4,Similar,Inferior,1.0,,Full/Part Finished,No Garage,,,768,Cataraqui Woods Dr,Kingston,ON,K7P2R1,"768 Cataraqui Woods Dr, Kingston, ON, K7P2R1",844 Cataraqui Woods Dr Kingston ON K7P2P7,3,1,1,2.0,1.0
0.01,Detached,2 Storey,660000.0,,Similar,Inferior,1453.0,6,Full/Unfinished,Dbl. Att. Gar.,,,85,Eastforest Trl,Kitchener,ON,N2N3M3,"85 Eastforest Trl, Kitchener, ON, N2N3M3",81 Eastforest Trail Kitchener ON N2N3M3,3,1,1,2.0,1.0
0.52,Townhouse,2 Storey,627500.0,,Similar,Inferior,1551.0,6,Full/Finished,Sgl. Att. Gar.,,,965,Linaria Walk,Orléans,ON,K4A0H9,"965 Linaria Walk, Orléans, ON, K4A0H9",710 Montrichard Rd Orléans ON K4A5R3,3,2,1,2.0,1.0
0.2,Detached,2 Storey,785000.0,,Similar,Superior,2238.5,8,Full/Finished,Dbl. Att. Gar.,,,42,Besse Ave,Langdon,AB,T0J1X2,"42 Besse Ave, Langdon, AB, T0J1X2",12 Mcdougall St NW Langdon AB T0J1X2,4,2,1,2.0,3.0
7.73,Detached,Bungalow,1250000.0,,Similar,Similar,1988.0,8,Full/Finished,Dbl. Att. Gar.,,,13,Tilly Ln,Oxford Mills,ON,K0G1S0,"13 Tilly Ln, Oxford Mills, ON, K0G1S0",224 Blackhorse Dr Kemptville ON K0G 1J0,4,3,0,2.0,2.0
0.64,Detached,Bungalow,1100000.0,,Similar,Inferior,1523.0,6,Full/Part Finished,Dbl. Att. Gar.,,,116,Blackhorse Dr,Kemptville,ON,K0G1J0,"116 Blackhorse Dr, Kemptville, ON, K0G1J0",224 Blackhorse Dr Kemptville ON K0G 1J0,2,3,0,2.0,1.0
0.39,Detached,Bungalow,925000.0,,Similar,Inferior,1814.0,6,Full/Finished,Dbl. Att. Gar.,,,189,Blackhorse Dr,Kemptville,ON,K0G1J0,"189 Blackhorse Dr, Kemptville, ON, K0G1J0",224 Blackhorse Dr Kemptville ON K0G 1J0,2,3,0,2.0,1.0
0.27,Townhouse,2 Storey,705000.0,,Similar,Similar,1932.0,7,Full/Finished,Sgl. Att. Gar.,,,958,Socca Cres,Orléans,ON,K4A5M1,"958 Socca Cres, Orléans, ON, K4A5M1",710 Montrichard Rd Orléans ON K4A5R3,4,2,1,2.0,2.0
1.31,Townhouse,2 Storey,700994.0,,Similar,Inferior,1873.0,6,Full/Finished,Sgl. Att. Gar.,,,2282,Descartes St,Orléans,ON,K4A0W4,"2282 Descartes St, Orléans, ON, K4A0W4",710 Montrichard Rd Orléans ON K4A5R3,3,2,1,2.0,1.0
31.28,Detached,3 Storey,840000.0,,Similar,Superior,2206.09,6,Full/Unfinished,Dbl. Det. Gar.,,,1134,Alpine Ave Sw,Calgary,AB,T2Y0T2,"1134 Alpine Ave Sw, Calgary, AB, T2Y0T2",53 Lucas Place NW Calgary AB T3P2E2,3,2,1,2.0,3.0
0.31,Detached,2 Storey,1785000.0,,Inferior,Inferior,3436.47,10,Full Finished/Walkout,Trpl. Att. Gar.,,,3,Timberline Gate Sw,Calgary,AB,T3H0W3,"3 Timberline Gate Sw, Calgary, AB, T3H0W3",29 Timberline Crt SW Calgary AB T3H6C8,3,2,1,1.0,1.0
0.33,Townhouse,2 Storey,676000.0,,Similar,Similar,1869.0,8,Full/Finished,Sgl. Att. Gar.,,,524,Paine Ave,Kanata,ON,K2T0K7,"524 Paine Ave, Kanata, ON, K2T0K7",194 Calvington Ave Ottawa ON K2T0H9,5,2,1,2.0,2.0
0.24,Townhouse,2 Storey,650000.0,,Similar,Similar,1570.0,6,Full/Finished,Sgl. Att. Gar.,,,550,Paine Ave,Kanata,ON,K2T0K7,"550 Paine Ave, Kanata, ON, K2T0K7",194 Calvington Ave Ottawa ON K2T0H9,3,2,1,2.0,2.0
0.87,Duplex,2 Storey,675000.0,,Similar,Superior,1500.0,8,Cellar,Sgl. Det. gar.,,,275,Division St,Kingston,ON,K7K3Z7,"275 Division St, Kingston, ON, K7K3Z7",190 RIDEAU ST Kingston ON K7K3A3,4,2,0,2.0,3.0
0.02,Detached,2 Storey,2700000.0,,Superior,Similar,4180.0,9,Full Finished/Walkout,Trpl. Att. Gar.,,,25,Timberline Crt Sw,Calgary,AB,T3H6C8,"25 Timberline Crt Sw, Calgary, AB, T3H6C8",29 Timberline Crt SW Calgary AB T3H6C8,5,3,1,3.0,2.0
1.02,Condominium,1 Storey,325000.0,36,Superior,,594.0,7,Condo Common,1 Space,,404,610,William St S,Gananoque,ON,K7G3A4,"610 William St S, Unit 404, Gananoque, ON, K7G3A4",401 540 Talbot Pl Gananoque ON K7G3C6,1,1,0,3.0,
0.0,Condominium,1 Storey,255000.0,26,Similar,,819.0,6,Condo Common,1 Space,,305,540,Talbot Pl,Gananoque,ON,K7G3C6,"540 Talbot Pl, Unit 305, Gananoque, ON, K7G3C6",401 540 Talbot Pl Gananoque ON K7G3C6,2,1,0,2.0,
0.11,Townhouse,2 Storey,706000.0,,Similar,Similar,1830.0,7,Full/Finished,Sgl. Att. Gar.,,,164,Calvington Ave,Kanata,ON,K2T0H8,"164 Calvington Ave, Kanata, ON, K2T0H8",194 Calvington Ave Ottawa ON K2T0H9,4,2,1,2.0,2.0
0.13,Detached,Bungalow,550000.0,,Similar,Similar,1109.0,6,Full/Finished,Sgl. Att. Crprt.,,,1035,Connery Ave,Ottawa,ON,K1G2N9,"1035 Connery Ave, Ottawa, ON, K1G2N9",1004 Connery Ave Ottawa ON K1G2P1,3,2,0,2.0,2.0
1.12,Detached,1 Storey,547500.0,,Superior,Superior,1303.0,6,Full/Part Finished,Driveway,,,9,Chittick Ave,Dartmouth,NS,B2Y3J7,"9 Chittick Ave, Dartmouth, NS, B2Y3J7",70 Joffre St Dartmouth NS B2Y3C9,3,1,0,3.0,3.0
0.23,Detached,2 Storey,662000.0,,Similar,Inferior,2298.0,8,Full/Finished,Sgl. Att. Gar.,,,18,Becks Way,Dartmouth,NS,B2V2C3,"18 Becks Way, Dartmouth, NS, B2V2C3",40 Bellroyal Crt Cole Harbour NS B2V 2B4,3,2,1,2.0,1.0
0.79,Duplex,2 Storey,951000.0,,Superior,Superior,1560.0,6,Full/Finished,Driveway,,,135,Hawthorne St,Dartmouth,NS,B2Y2Z1,"135 Hawthorne St, Dartmouth, NS, B2Y2Z1",47 Pleasant St Dartmouth NS B2Y3P4,3,3,0,3.0,3.0
0.28,Detached,1 Storey,702000.0,,Inferior,Similar,1060.0,6,Full/Finished,Driveway,,,4,Piers Ave,Halifax,NS,B3N1Z3,"4 Piers Ave, Halifax, NS, B3N1Z3",23 WALTON DR Halifax NS B3N1X6,3,1,0,1.0,2.0
0.43,Detached,1 Storey,845000.0,,Inferior,Similar,1374.0,6,Full/Part Finished,Single Builtin,,,34,Craigmore Dr,Halifax,NS,B3N1M2,"34 Craigmore Dr, Halifax, NS, B3N1M2",23 WALTON DR Halifax NS B3N1X6,3,1,0,1.0,2.0
9.79,Detached,1 Storey,375000.0,,Similar,Similar,889.0,4,Crawl Space,Dbl. Det. Gar.,,,43,Summer Ln,Boutiliers Point,NS,B3Z1V3,"43 Summer Ln, Boutiliers Point, NS, B3Z1V3",60 MILL LAKE RD Number 2 Simms Settlement NS B0J1T0,2,1,0,2.0,2.0
9.66,Detached,1 Storey,348500.0,,Similar,Similar,1092.0,6,Full/Unfinished,Driveway (pvd),,,7730,Highway 329,East River Point,NS,B0J1T0,"7730 Highway 329, East River Point, NS, B0J1T0",60 MILL LAKE RD Number 2 Simms Settlement NS B0J1T0,3,1,0,2.0,2.0
0.99,Detached,1 Storey,375000.0,,Similar,Superior,1138.0,6,Full/Part Finished,Driveway,,,46,Highway 3,Hubbards,NS,B0J1T0,"46 Highway 3, Hubbards, NS, B0J1T0",60 MILL LAKE RD Number 2 Simms Settlement NS B0J1T0,3,1,0,2.0,3.0
0.15,Detached,2 Storey,585000.0,,Similar,Similar,2402.0,7,Full/Finished,Sgl. Att. Gar.,,,47,Denise Dr,Lake Echo,NS,B3E1M5,"47 Denise Dr, Lake Echo, NS, B3E1M5",23 Macfarlane St Lake Echo NS B3E1M5,4,2,0,2.0,2.0
14.66,Detached,2 Storey,420000.0,,Inferior,Similar,1100.0,6,Crawl Space,"Driveway, Slab",,,6547,Highway 7,Gaetz Brook,NS,B0J2L0,"6547 Highway 7, Gaetz Brook, NS, B0J2L0",23 Macfarlane St Lake Echo NS B3E1M5,3,2,0,1.0,2.0
2.86,Detached,2 Storey,525000.0,,Inferior,Inferior,1693.0,7,Full/Finished,Sgl. Det. gar.,,,1,Partridge Nest Dr,Mineville,NS,B2Z1J8,"1 Partridge Nest Dr, Mineville, NS, B2Z1J8",23 Macfarlane St Lake Echo NS B3E1M5,4,1,1,1.0,1.0
11.52,Detached,1 Storey,1895000.0,,Inferior,Superior,2354.0,7,Full/Finished,Dbl. (2Bay) Att. Gar.,,,428,Heddas Way,Fall River,NS,B2T0M2,"428 Heddas Way, Fall River, NS, B2T0M2",1368 Shore Dr Bedford NS B4A2E8,3,2,1,1.0,3.0
1.14,Detached,2 Storey,1185000.0,,Similar,Superior,2494.0,7,Full/Finished,Dbl. Att. Gar.,,,158,Eaglewood Dr,Bedford,NS,B4A3B2,"158 Eaglewood Dr, Bedford, NS, B4A3B2",1368 Shore Dr Bedford NS B4A2E8,4,3,0,2.0,3.0
2.91,Detached,2 Storey,1200000.0,,Similar,Superior,3774.0,11,Full/Finished,Dbl. Att. Gar.,,,107,Ahmadi Cres,Bedford,NS,B4A4E5,"107 Ahmadi Cres, Bedford, NS, B4A4E5",1368 Shore Dr Bedford NS B4A2E8,5,3,1,2.0,3.0
0.51,Detached,Bungalow,1095000.0,10,Superior,Superior,1.0,,Full Finished/Walkout,Double Attached,,,1249,Carfa Cres,Kingston,ON,K7P0M7,"1249 Carfa Cres, Kingston, ON, K7P0M7",5004 Fox Run Pl Kingston ON K7P0E4,4,3,0,3.0,3.0
1.12,Detached,Split Level,856000.0,23,Inferior,Inferior,2.0,,Full Finished/Walkout,Double Attached,,,891,Safari Dr,Kingston,ON,K7M6W2,"891 Safari Dr, Kingston, ON, K7M6W2",5004 Fox Run Pl Kingston ON K7P0E4,4,2,1,1.0,1.0
1.3,Detached,2 Storey,930000.0,,Superior,Superior,3167.0,7,Full/Finished,Dbl. Att. Gar.,,,209,Glen Arbour Way,Hammonds Plains,NS,B4B1T5,"209 Glen Arbour Way, Hammonds Plains, NS, B4B1T5",201 Halfway Lake Dr Hammonds Plains NS B4B1M8,2,2,1,3.0,3.0
5.27,Detached,2 Storey,692000.0,,Inferior,Inferior,2343.0,7,Full/Finished,Dbl. (2Bay) Att. Gar.,,,1,Virginia Dr,Hammonds Plains,NS,B4B1S5,"1 Virginia Dr, Hammonds Plains, NS, B4B1S5",201 Halfway Lake Dr Hammonds Plains NS B4B1M8,4,2,1,1.0,1.0
0.17,Condominium,1 Storey,378000.0,28,Similar,,934.0,5,None,"1, Undgrnd. Stall",,216,100,Auburn Meadows Manor Se,Calgary,AB,T3M3H2,"100 Auburn Meadows Manor Se, Unit 216, Calgary, AB, T3M3H2","119 110 Auburn Meadows View SE Calgary, Alberta T3M 2M2",2,2,0,2.0,
3.5,Detached,2 Storey,588000.0,,Inferior,Inferior,1664.0,6,Full/Unfinished,Driveway,,,1693,White Hills Run,Hammonds Plains,NS,B4B1W1,"1693 White Hills Run, Hammonds Plains, NS, B4B1W1",201 Halfway Lake Dr Hammonds Plains NS B4B1M8,3,2,1,1.0,1.0
4.01,Detached,2 Storey,942500.0,,Similar,Inferior,2596.0,10,Full/Unfinished,Dbl. Att. Gar.,,,1959,Montclair Ave,Orléans,ON,K1W1H9,"1959 Montclair Ave, Orléans, ON, K1W1H9",531 Des Genévriers Rue Orléans ON K4A0Z2,4,2,1,2.0,1.0
0.43,Detached,2 Storey,1085000.0,,Similar,Inferior,3351.0,10,Full/Unfinished,Dbl. Att. Gar.,,,415,Hepatica Way,Orléans,ON,K4A1G3,"415 Hepatica Way, Orléans, ON, K4A1G3",531 Des Genévriers Rue Orléans ON K4A0Z2,4,3,1,2.0,1.0
0.84,Detached,2 Storey,1130000.0,,Similar,Superior,3071.0,8,Full/Finished,Dbl. Att. Gar.,,,156,Aquarium Ave,Orléans,ON,K4A1L1,"156 Aquarium Ave, Orléans, ON, K4A1L1",531 Des Genévriers Rue Orléans ON K4A0Z2,4,3,1,2.0,3.0
0.89,Detached,2 Storey,908000.0,,Similar,Similar,1856.0,7,Full/Finished,Driveway,,,53,Pine St,Dartmouth,NS,B3A1X3,"53 Pine St, Dartmouth, NS, B3A1X3",47 Pleasant St Dartmouth NS B2Y3P4,3,1,1,2.0,2.0
0.22,Detached,1 Storey,888000.0,,Superior,Inferior,1921.0,8,Full/Part Finished,Dbl (2 Bay) Builtin,,,44,Walton Dr,Halifax,NS,B3N1X7,"44 Walton Dr, Halifax, NS, B3N1X7",23 WALTON DR Halifax NS B3N1X6,4,2,0,3.0,1.0
0.78,Detached,Bungalow,812000.0,,Similar,Inferior,1571.0,6,Full/Part Finished,Dbl. Att. Gar.,,,48,Stonewalk Dr,Kemptville,ON,K0G1J0,"48 Stonewalk Dr, Kemptville, ON, K0G1J0",102 Stonewalk Dr Kemptville ON K0G 1J0,3,2,0,2.0,1.0
1.03,Detached,3 Level Split,620000.0,,Inferior,Similar,1688.0,6,Full/Finished,Sgl. Bin. Gar,,,38,Deerbrooke Dr,Dartmouth,NS,B2V1W3,"38 Deerbrooke Dr, Dartmouth, NS, B2V1W3",40 Bellroyal Crt Cole Harbour NS B2V 2B4,3,1,1,1.0,2.0
3.73,Detached,1 Storey,800000.0,,Inferior,Similar,1602.0,6,Full/Finished,Dbl. Att. Gar.,,,64,Deermist Dr,Porters Lake,NS,B3E1P3,"64 Deermist Dr, Porters Lake, NS, B3E1P3",7180 207 HWY Halifax NS B0J2L0,3,2,0,1.0,2.0
0.31,Detached,2 Storey,1150000.0,,Similar,Superior,2003.0,8,Rec Room,Dbl. Att. Gar.,,,6,Marshall Ave,Ayr,ON,N0B1E0,"6 Marshall Ave, Ayr, ON, N0B1E0",11 PAUL AVE Ayr ON N0B1E0,4,2,1,2.0,3.0
0.91,Townhouse,3 Storey,1247000.0,,Similar,Similar,3336.0,10,Full/Finished,Sgl. Att. Crprt.,,,383,Daly Ave,Ottawa,ON,K1N6G8,"383 Daly Ave, Ottawa, ON, K1N6G8",2 Forsey St Ottawa ON K1N7X7,5,3,1,2.0,2.0
0.8,Townhouse,3 Storey,922500.0,,Similar,Inferior,1823.0,7,Full/Finished,Sgl. Att. Gar.,,,2,Brigadier Pvt,Ottawa,ON,K1N1E6,"2 Brigadier Pvt, Ottawa, ON, K1N1E6",2 Forsey St Ottawa ON K1N7X7,2,2,0,2.0,1.0
0.01,Townhouse,2 Storey,1194900.0,,Similar,Superior,1582.0,8,Full/Unfinished,Driveway surface,,,366,Bruyère St,Ottawa,ON,K1N5E7,"366 Bruyère St, Ottawa, ON, K1N5E7",2 Forsey St Ottawa ON K1N7X7,3,2,0,2.0,3.0
0.13,Detached,Bi-Level,708000.0,,Similar,Inferior,1531.0,6,Full/Finished,1.5 Builtin,,,40,Kingston Cres,Dartmouth,NS,B3A2M2,"40 Kingston Cres, Dartmouth, NS, B3A2M2",54 Kingston Cres Dartmouth NS B3A2M2,3,1,1,2.0,1.0
0.5,Detached,2 Storey,1130000.0,,Inferior,Superior,2940.0,8,Rec Room,Dbl. Att. Gar.,,,3219,Roseville Rd,Ayr,ON,N0B1E0,"3219 Roseville Rd, Ayr, ON, N0B1E0",11 PAUL AVE Ayr ON N0B1E0,4,3,1,1.0,3.0
0.41,Detached,3 Level Split,780000.0,,Similar,Superior,1892.0,8,Full/Part Finished,Driveway,,,2,Lawnsdale Dr,Dartmouth,NS,B3A2N2,"2 Lawnsdale Dr, Dartmouth, NS, B3A2N2",54 Kingston Cres Dartmouth NS B3A2M2,4,2,0,2.0,3.0
0.49,Detached,1.5 Storey,787000.0,,Similar,Similar,1879.0,8,Full/Finished,Sgl. Att. Gar.,,,36,Mount Pleasant Ave,Dartmouth,NS,B3A3T4,"36 Mount Pleasant Ave, Dartmouth, NS, B3A3T4",54 Kingston Cres Dartmouth NS B3A2M2,4,1,1,2.0,2.0
0.11,Detached,2 Storey,600000.0,,Inferior,Superior,1353.0,6,Full/Finished,Driveway,,,94,Tamarack Dr,Halifax,NS,B3N3H1,"94 Tamarack Dr, Halifax, NS, B3N3H1",283 OSBORNE ST Halifax NS B3N3H1,3,2,1,1.0,3.0
0.91,Detached,Bungalow,656000.0,,Similar,Superior,1204.0,6,Full/Finished,Driveway surface,,,826,Hamlet Rd,Ottawa,ON,K1G1R2,"826 Hamlet Rd, Ottawa, ON, K1G1R2",1004 Connery Ave Ottawa ON K1G2P1,3,1,1,2.0,3.0
0.34,Duplex,2 Storey,782500.0,,Similar,Inferior,2302.0,7,Full/Unfinished,Driveway,,,73,Prince Albert Rd,Dartmouth,NS,B2Y1M1,"73 Prince Albert Rd, Dartmouth, NS, B2Y1M1",47 Pleasant St Dartmouth NS B2Y3P4,3,2,0,2.0,1.0
0.32,Detached,2 Storey,678000.0,,Superior,Similar,1834.0,8,Full/Finished,Driveway,,,45,Ridgestone Crt,Halifax,NS,B3N3H8,"45 Ridgestone Crt, Halifax, NS, B3N3H8",283 OSBORNE ST Halifax NS B3N3H1,4,2,1,3.0,2.0
0.16,Detached,2 Storey,680000.0,,Superior,Similar,1920.0,6,Full/Finished,Driveway,,,23,White Dove Crt,Halifax,NS,B3N3G5,"23 White Dove Crt, Halifax, NS, B3N3G5",283 OSBORNE ST Halifax NS B3N3H1,3,2,1,3.0,2.0
0.53,Detached,Bungalow,855000.0,,Similar,Inferior,1610.0,6,Full/Finished,Dbl. Att. Gar.,,,36,Stonewalk Dr,Kemptville,ON,K0G1J0,"36 Stonewalk Dr, Kemptville, ON, K0G1J0",102 Stonewalk Dr Kemptville ON K0G 1J0,3,2,1,2.0,1.0
1.05,Semi Detached,2 Storey,370000.0,,Similar,Superior,1403.0,6,None,Paved Driveway,,,49,Peter Crt,Eastern Passage,NS,B3G1S9,"49 Peter Crt, Eastern Passage, NS, B3G1S9",10 Heritage Hills Dr Eastern Passage NS B3G1N5,3,2,0,2.0,3.0
0.48,Semi Detached,Bi-Level,320000.0,,Inferior,Inferior,1250.0,6,None,Paved Driveway,,,1702,Caldwell Rd,Eastern Passage,NS,B3G1C6,"1702 Caldwell Rd, Eastern Passage, NS, B3G1C6",10 Heritage Hills Dr Eastern Passage NS B3G1N5,3,1,1,1.0,1.0
0.99,Detached,2 Storey,920000.0,,Similar,Similar,1976.0,8,Full/Finished,Dbl. Att. Gar.,,,56,Stonewalk Dr,Kemptville,ON,K0G1J0,"56 Stonewalk Dr, Kemptville, ON, K0G1J0",102 Stonewalk Dr Kemptville ON K0G 1J0,5,4,0,2.0,2.0
0.38,Detached,4 Level Split,703850.0,,Similar,Superior,2100.0,8,Part/Full Finished,Sgl. Att. Gar.,,,123,Crestwood Pl,Dartmouth,NS,B2V2P5,"123 Crestwood Pl, Dartmouth, NS, B2V2P5",40 Bellroyal Crt Cole Harbour NS B2V 2B4,4,2,1,2.0,3.0
4.69,Detached,1 Storey,680000.0,25,Similar,,1089.0,7,Full/Finished,Trpl. Det. Gar.,,,7050,County Road 18,Amherstburg,ON,N9V2Y7,"7050 County Road 18, Amherstburg, ON, N9V2Y7",4315 CONCESSION RD 4 N/A S Amherstburg ON N9V2Y8,6,2,0,2.0,
0.2,Condominium,1 Storey,635000.0,2,Similar,,825.0,7,,1 Space,,701,121,Queen St,Kingston,ON,K7K0G6,"121 Queen St, Unit 701, Kingston, ON, K7K0G6",718 223 PRINCESS ST Kingston ON K7L0G8,2,1,0,2.0,
0.61,Low Rise Apartment,1 Storey,378900.0,,Similar,,1130.0,7,None,2 UG Stalls,,2207,950,Arbour Lake Rd Nw,Calgary,AB,T3G5B3,"950 Arbour Lake Rd Nw, Unit 2207, Calgary, AB, T3G5B3",218 88 ARBOUR LAKE RD NW Calgary AB T3G0C2,2,2,0,2.0,
3.16,Detached,1 Storey,674000.0,12,Similar,,1418.0,7,Full/Finished,Dbl. Det. Gar.,,,6040,Middle Side Rd,Amherstburg,ON,N9V0C8,"6040 Middle Side Rd, Amherstburg, ON, N9V0C8",4315 CONCESSION RD 4 N/A S Amherstburg ON N9V2Y8,3,2,0,2.0,
0.15,Detached,2 Storey,860000.0,31,Inferior,,2367.0,10,Full/Finished,Trpl. Att. Gar.,,,118,Sandpiper Pk,Chestermere,AB,T1X1Y8,"118 Sandpiper Pk, Chestermere, AB, T1X1Y8",229 SANDPIPER CRES Chestermere AB T1X0Y4,4,3,0,1.0,
2.81,Detached,4 Level Split,760000.0,15,Similar,,2685.0,10,Full/Finished,Dbl. Att. Gar.,,,737,Concession Rd 2,Amherstburg,ON,N9V3R3,"737 Concession Rd 2, Amherstburg, ON, N9V3R3",4315 CONCESSION RD 4 N/A S Amherstburg ON N9V2Y8,5,2,0,2.0,
0.5,Detached,2 Storey,890000.0,48,Inferior,,2614.0,9,Full/Finished,Trpl. Att. Gar.,,,19,Sandpiper Bend,Chestermere,AB,T1X2S6,"19 Sandpiper Bend, Chestermere, AB, T1X2S6",229 SANDPIPER CRES Chestermere AB T1X0Y4,5,4,0,1.0,
4.67,Detached,2 Storey,830000.0,32,Similar,Superior,1.0,10,No Basement,No Garage,,,1977,Thorpe Rd,Loyalist,,,"1977 Thorpe Rd, Loyalist",1841 Fisk Rd Odessa ON K0H2H0,4,2,0,2.0,3.0
1.11,Detached,2 Storey,860000.0,31,Inferior,,2608.0,9,Full/Finished,Trpl. Att. Gar.,,,109,Kinniburgh Cove,Chestermere,AB,T1X0Y6,"109 Kinniburgh Cove, Chestermere, AB, T1X0Y6",229 SANDPIPER CRES Chestermere AB T1X0Y4,4,2,0,1.0,
6.44,Detached,2 Storey,400000.0,98,Similar,,984.0,12,Cellar,Trpl. Det. Gar.,,,1996,Mcfarlane Rd,Kingston,ON,K7L4V3,"1996 Mcfarlane Rd, Kingston, ON, K7L4V3",1050 John F. Scott Rd Kingston ON K7L4V3,3,1,0,2.0,
1.7,Townhouse,Bungalow,790000.0,66,Similar,,1475.0,8,Full Finished/Walkout,Dbl. Att. Gar.,,,41,Coulson Crt,Kanata,ON,K2K2Z5,"41 Coulson Crt, Kanata, ON, K2K2Z5","82 Morenz Terrace Ottawa, Ontario K2K 3H2",3,3,0,2.0,
,Condominium,Apartment-Low-Rise (,390000.0,22,Similar,,881.0,7,None,"2, Undgrnd. Stalls",,411,25,Auburn Meadows Ave Se,Calgary,AB,T3M2L3,"25 Auburn Meadows Ave Se, Unit 411, Calgary, AB, T3M2L3","119 110 Auburn Meadows View SE Calgary, Alberta T3M 2M2",2,2,0,2.0,
0.12,Detached,2 Storey,640000.0,46,Similar,,1.0,12,Part/Full Finished,Single Attached,,,1729,Reginald Bart Dr,Kingston,ON,K7K0E8,"1729 Reginald Bart Dr, Kingston, ON, K7K0E8",1753 Reginald Bart Dr Kingston ON K7K0E9,3,1,1,2.0,
0.05,Townhouse,Bungalow,900000.0,2,Similar,,1470.0,7,Full Finished/Walkout,Dbl. Att. Gar.,,,57,Morenz Terr,Kanata,ON,K2K3H2,"57 Morenz Terr, Kanata, ON, K2K3H2","82 Morenz Terrace Ottawa, Ontario K2K 3H2",2,3,0,2.0,
0.0,Low Rise Apartment,1 Storey,328500.0,,Similar,,950.0,6,None,1 UG Stall,,215,88,Arbour Lake Rd Nw,Calgary,AB,T3G0C2,"88 Arbour Lake Rd Nw, Unit 215, Calgary, AB, T3G0C2",218 88 ARBOUR LAKE RD NW Calgary AB T3G0C2,2,2,0,2.0,
0.21,Detached,2 Storey,668500.0,56,Superior,,1811.0,7,Full/Finished,Dbl. Att. Gar.,,,130,Hidden Ranch Rd Nw,Calgary,AB,T3A5S6,"130 Hidden Ranch Rd Nw, Calgary, AB, T3A5S6",9449 Hidden Valley Dr NW Calgary AB T3A5T1,3,2,1,3.0,
0.17,Detached,2 Storey,650000.0,29,Superior,,1554.0,6,"Full, Walkout",Dbl. Att. Gar.,,,193,Hidden Ranch Hill Nw,Calgary,AB,T3A5X6,"193 Hidden Ranch Hill Nw, Calgary, AB, T3A5X6",9449 Hidden Valley Dr NW Calgary AB T3A5T1,3,2,1,3.0,
1.69,Detached,2 Storey,700000.0,4,Similar,,1548.0,7,Full/Finished,Dbl. Att. Gar.,,,10673,Hidden Valley Dr Nw,Calgary,AB,T3A5V3,"10673 Hidden Valley Dr Nw, Calgary, AB, T3A5V3",9449 Hidden Valley Dr NW Calgary AB T3A5T1,3,2,1,2.0,
0.24,Detached,2 Storey,1235000.0,6,Similar,,2583.3599999999997,8,Full/Finished,Dbl. Att. Gar.,,,61,Rockford Rd Nw,Calgary,AB,T3G0E1,"61 Rockford Rd Nw, Calgary, AB, T3G0E1",2 Rockcliff Hts NW Calgary AB T3G0C7,3,3,1,2.0,
0.22,Detached,2 Storey,640000.0,112,Similar,,1.0,12,Cellar,No Garage,,,261,Arthur St,Gananoque,ON,K7G1B3,"261 Arthur St, Gananoque, ON, K7G1B3",174 South St Gananoque ON K7G1A2,2,1,1,2.0,
1.23,Detached,2 Storey,890000.0,33,Similar,,2540.0,8,Full/Finished,Dbl. Att. Gar.,,,320,Everglade Cir Sw,Calgary,AB,T2Y4M8,"320 Everglade Cir Sw, Calgary, AB, T2Y4M8",299 Everoak Dr SW Calgary AB T2Y0A5,4,2,1,2.0,
0.28,Detached,2 Storey,900000.0,6,Superior,,2274.0,8,Full Finished/Walkout,Dbl. Att. Gar.,,,161,Everoak Cir Sw,Calgary,AB,T2Y0A2,"161 Everoak Cir Sw, Calgary, AB, T2Y0A2",299 Everoak Dr SW Calgary AB T2Y0A5,3,2,1,3.0,
0.97,Detached,2 Storey,905000.0,10,Similar,,2431.0,8,Full/Finished,Dbl. Att. Gar.,,,1845,Evergreen Dr Sw,Calgary,AB,T2Y5B1,"1845 Evergreen Dr Sw, Calgary, AB, T2Y5B1",299 Everoak Dr SW Calgary AB T2Y0A5,3,2,1,2.0,
0.06,Detached,2 Storey,1249000.0,46,Inferior,,3067.74,8,Full/Finished,Trpl. Att. Gar.,,,4,Rockcliff Pt Nw,Calgary,AB,T3G5Z4,"4 Rockcliff Pt Nw, Calgary, AB, T3G5Z4",2 Rockcliff Hts NW Calgary AB T3G0C7,3,3,1,1.0,
0.06,Condominium,2 Storey,434523.0,,Inferior,,1500.0,6,Full/Part Finished,Sgl. Att. Gar.,,,3882,Novalea Dr,Halifax,NS,B3K3G6,"3882 Novalea Dr, Halifax, NS, B3K3G6",5551 Sentinal Sq Halifax NS B3K4A8,3,2,0,1.0,
0.14,Condominium,2 Storey,465000.0,,Similar,,1216.0,6,Full/Part Finished,Sgl. Att. Gar.,,,5617,Carriageway Cres,Halifax,NS,B3K5K4,"5617 Carriageway Cres, Halifax, NS, B3K5K4",5551 Sentinal Sq Halifax NS B3K4A8,3,2,0,2.0,
0.03,Detached,Bungalow,530000.0,,Similar,,1377.9,7,Developed/1F,Dbl. Det. Gar.,,,168,Marquis Pl Se,Airdrie,AB,T4A1Y6,"168 Marquis Pl Se, Airdrie, AB, T4A1Y6",160 Marquis Pl SE Airdrie AB T4A1Y7,3,2,0,2.0,
14.96,Detached,Bungalow,825000.0,,Similar,,1567.0,6,Full/Finished,Trpl. Att. Gar.,,,253,Queen St,Atwood,ON,N0G1B0,"253 Queen St, Atwood, ON, N0G1B0",84339 Kent Line Brussels ON N0G1H0,2,2,0,2.0,
0.99,Condominium,2 Storey,434500.0,,Similar,,1150.0,6,None,No Garage,,,3518,John Parr Dr,Halifax,NS,B3K5V2,"3518 John Parr Dr, Halifax, NS, B3K5V2",5551 Sentinal Sq Halifax NS B3K4A8,3,2,0,2.0,
0.69,Duplex,1 Storey,617500.0,,Similar,,2000.0,8,Included Above,Sgl. Det. gar.,,,46,York St,Kingston,ON,K7K1P5,"46 York St, Kingston, ON, K7K1P5",190 RIDEAU ST Kingston ON K7K3A3,4,2,0,2.0,
1.41,Detached,4 Level Split,888000.0,,Superior,,2100.0,8,Developed/1F,Dbl. Att. Gar.,,,108,Macewan Park Green Nw,Calgary,AB,T3K4E5,"108 Macewan Park Green Nw, Calgary, AB, T3K4E5",184 Sandpiper Cir NW Calgary AB T3K3P4,3,2,1,3.0,
17.33,Detached,1.5 Storey,829900.0,,Similar,,1662.0,5,Full/Part Finished,Driveway,,,270,Quinlan Dr,Head of Jeddore,NS,B0J1P0,"270 Quinlan Dr, Head of Jeddore, NS, B0J1P0",7180 207 HWY Halifax NS B0J2L0,2,2,0,2.0,
0.54,Detached,Bi-Level,518000.0,,Superior,,1071.86,5,Part Devel. /1F,Dbl. Det. Gar.,,,1852,Meadowbrook Dr Se,Airdrie,AB,T4A1V2,"1852 Meadowbrook Dr Se, Airdrie, AB, T4A1V2",160 Marquis Pl SE Airdrie AB T4A1Y7,3,2,0,3.0,
23.23,Detached,2 Storey,1220000.0,,Superior,,2365.0,7,Rec/Bath,Dbl. Att. Gar.,,,13,James Crt,Heidelberg,ON,N0B2M1,"13 James Crt, Heidelberg, ON, N0B2M1",11 PAUL AVE Ayr ON N0B1E0,3,2,1,3.0,
0.44,Detached,1 Storey,650000.0,8,Similar,,1.0,,Full/Finished,Single Attached,,,63,Schooner Dr,Kingston,ON,K7K7K1,"63 Schooner Dr, Kingston, ON, K7K7K1",1753 Reginald Bart Dr Kingston ON K7K0E9,3,3,0,2.0,
0.68,Detached,Bungalow,615000.0,,Similar,,1313.0,6,Full/Finished,Driveway surface,,,816,Dickens Ave,Ottawa,ON,K1G2X8,"816 Dickens Ave, Ottawa, ON, K1G2X8",1004 Connery Ave Ottawa ON K1G2P1,3,2,0,2.0,
26.43,Detached,Bungalow,825720.0,,Similar,,1680.0,6,Full/Unfinished,Dbl. Att. Gar.,,,234,Henry St,Mitchell,ON,N0K1N0,"234 Henry St, Mitchell, ON, N0K1N0",84339 Kent Line Brussels ON N0G1H0,3,2,0,2.0,
11.17,Detached,Bungalow,1490000.0,,Similar,,1634.0,7,Full/Finished,1.5 car attached garage,,,5739,Sixth Line,Hillsburgh,ON,N0B1Z0,"5739 Sixth Line, Hillsburgh, ON, N0B1Z0",64232 COUNTY RD 3 East Garafraxa ON L9W7J4,3,2,0,2.0,
12.14,Detached,Bungalow,1150000.0,,Similar,,1610.0,6,None,No garage,,,7167,Seventh Line,Belwood,ON,N0B1J0,"7167 Seventh Line, Belwood, ON, N0B1J0",64232 COUNTY RD 3 East Garafraxa ON L9W7J4,3,1,0,2.0,
8.98,Detached,1 Storey,950000.0,,Inferior,,2100.0,6,Full/Finished,1.5Att.Gar./Dbl.Att.Gar.,,,85,Oceanic Dr,East Lawrencetown,NS,B2Z1T6,"85 Oceanic Dr, East Lawrencetown, NS, B2Z1T6",7180 207 HWY Halifax NS B0J2L0,3,2,0,1.0,
0.45,Detached,2 Storey,757750.0,24,Superior,,2.0,,Full/Finished,Double Attached,,,1131,Wintergreen Cres,Kingston,ON,K7P2G3,"1131 Wintergreen Cres, Kingston, ON, K7P2G3",844 Cataraqui Woods Dr Kingston ON K7P2P7,4,3,1,3.0,
0.06,Detached,Bungalow,1128000.0,,Similar,,1769.0,6,Full/Finished,Dbl. Att. Gar.,,,84343,Kent Line,Brussels,ON,N0G1H0,"84343 Kent Line, Brussels, ON, N0G1H0",84339 Kent Line Brussels ON N0G1H0,2,2,0,2.0,
1.1,Detached,2 Storey,652500.0,,Similar,,1560.55,7,Full/Unfinished,Dbl. Att. Gar.,,,3,Lloyd Cres Ne,Langdon,AB,T0J1X1,"3 Lloyd Cres Ne, Langdon, AB, T0J1X1",12 Mcdougall St NW Langdon AB T0J1X2,3,2,1,2.0,
0.15,Townhouse,2 Storey,705000.0,,Similar,,1802.0,8,Full/Finished,Sgl. Att. Gar.,,,655,Allied Mews,Stittsville,ON,K2S3A1,"655 Allied Mews, Stittsville, ON, K2S3A1",11 Bermondsey Way Stittsville ON K2S2Y7,4,2,1,2.0,
3.54,Townhouse,2 Storey,755000.0,,Similar,,2131.0,7,Full/Finished,Sgl. Att. Gar.,,,514,Triangle St,Stittsville,ON,K2V0M8,"514 Triangle St, Stittsville, ON, K2V0M8",11 Bermondsey Way Stittsville ON K2S2Y7,3,2,1,2.0,
0.4,Detached,1 Storey,595000.0,6,Inferior,,1.0,,Part/Finished,Single Attached,,,605,Truedell Rd,Kingston,ON,K7M6S7,"605 Truedell Rd, Kingston, ON, K7M6S7",576 Chesham Pl Kingston ON K7M5T5,3,1,1,1.0,
1.53,Detached,2 Storey,680000.0,,Superior,,1640.0,7,Full/Finished,Off Street,,,90,Corner Ridge Mews Ne,Calgary,AB,T3N1X4,"90 Corner Ridge Mews Ne, Calgary, AB, T3N1X4",1083 Cornerstone St NE Calgary AB T3N1G5,3,2,1,3.0,
1.33,Detached,2 Storey,690000.0,,Similar,,1801.0,6,Full/Finished,Dbl. Det. Gar.,,,312,Redstone Ave Ne,Calgary,AB,T3N1M8,"312 Redstone Ave Ne, Calgary, AB, T3N1M8",1083 Cornerstone St NE Calgary AB T3N1G5,3,2,1,2.0,
0.06,Detached,2 Storey,686000.0,,Similar,,1808.0,8,Full/Finished,Dbl. Det. Gar.,,,1059,Cornerstone St Ne,Calgary,AB,T3N1G6,"1059 Cornerstone St Ne, Calgary, AB, T3N1G6",1083 Cornerstone St NE Calgary AB T3N1G5,3,2,1,2.0,
0.23,Detached,Bi-Level,575000.0,,Inferior,,1189.04,6,Developed/1F,Gravel pad,,,232,Taracove Rd Ne,Calgary,AB,T3J5A2,"232 Taracove Rd Ne, Calgary, AB, T3J5A2",323 TARACOVE ESTATE DR NE Calgary AB T3J5A1,3,2,0,1.0,
9.03,Detached,1 Storey,550000.0,,Similar,,1288.0,5,Crawl Space,Gravel Driveway,,,20,Creekside Way,Mill Cove,NS,B0J1T0,"20 Creekside Way, Mill Cove, NS, B0J1T0",3 Bayview Lane Queensland NS B0J1T0,3,2,0,2.0,
1.3,Detached,Bi-Level,649000.0,,Similar,,1211.0,6,Full/Finished,DblBuiltin/PvdDway,,,102,Deeridge Rd,Black Point,NS,B0J1T0,"102 Deeridge Rd, Black Point, NS, B0J1T0",3 Bayview Lane Queensland NS B0J1T0,3,2,0,2.0,
0.78,Detached,2 Storey,770000.0,,Superior,,2352.1,9,Full/Finished,Dbl. Att. Gar.,,,6,Mcintyre Pl,Langdon,AB,T0J1X2,"6 Mcintyre Pl, Langdon, AB, T0J1X2",12 Mcdougall St NW Langdon AB T0J1X2,3,3,0,3.0,
19.97,Detached,1 Storey,620000.0,,Superior,,1085.0,6,Part Finished,1.5Detached/GravelDwy,,,5296,Highway 329,Blandford,NS,B0J1T0,"5296 Highway 329, Blandford, NS, B0J1T0",3 Bayview Lane Queensland NS B0J1T0,3,1,0,3.0,
2.81,Detached,2 Storey,825000.0,,Similar,,1617.0,8,Full/Finished,Dbl. Att. Gar.,,,7,Peach Blossom Cres,Kitchener,ON,N2E3Z6,"7 Peach Blossom Cres, Kitchener, ON, N2E3Z6",81 Eastforest Trail Kitchener ON N2N3M3,4,2,1,2.0,
2.87,Detached,2 Storey,840000.0,,Similar,,1625.0,6,Full/Finished,Dbl. Att. Gar.,,,61,Bush Clover Cres,Kitchener,ON,N2E3P8,"61 Bush Clover Cres, Kitchener, ON, N2E3P8",81 Eastforest Trail Kitchener ON N2N3M3,3,2,1,2.0,
3.43,Townhouse,2 Storey,768800.0,,Similar,,1758.0,7,Full/Finished,Dbl. Att. Gar.,,,225,Lift Ln,Stittsville,ON,K2V0M7,"225 Lift Ln, Stittsville, ON, K2V0M7",11 Bermondsey Way Stittsville ON K2S2Y7,3,2,1,2.0,
,Detached,1.5 Storey,1800000.0,,Superior,,3024.0,10,Full/Finished,Dbl.At.G.+Sn.Det.G.,,,2,Crouchers Point Rd,Glen Haven,NS,B3Z2W4,"2 Crouchers Point Rd, Glen Haven, NS, B3Z2W4",164 Redmonds Rd Seabright NS B3Z3C4,3,2,1,3.0,
,Detached,1 Storey,1653000.0,,Superior,,1829.0,6,Full/Finished,Driveway,,,401,Viewmount Dr,Head of St Margarets Bay,NS,B3Z2G4,"401 Viewmount Dr, Head of St Margarets Bay, NS, B3Z2G4",164 Redmonds Rd Seabright NS B3Z3C4,1,1,1,3.0,
,Detached,1 Storey,1189500.0,,Inferior,,2555.0,7,None,Dbl. Det. Gar.,,,58,Blind Bay Dr,Blind Bay,NS,B3Z4C1,"58 Blind Bay Dr, Blind Bay, NS, B3Z4C1",164 Redmonds Rd Seabright NS B3Z3C4,3,3,0,1.0,
,Semi Detached,2 Storey,367000.0,,Similar,,1281.0,6,None,Paved Driveway,,,177,Melrose Cres,Eastern Passage,NS,B3G1P2,"177 Melrose Cres, Eastern Passage, NS, B3G1P2",10 Heritage Hills Dr Eastern Passage NS B3G1N5,3,1,1,2.0,
0.55,,2 Storey,1070000.0,,,,2432.0,8,Full/Unfinished,2 Garage,32 / X11907987,,14,Grundy Cres,Grand Valley,ON,L9W7S7,"14 Grundy Cres, Grand Valley, ON, L9W7S7",32 Hilborn St Grand Valley ON L9W6V1,4,2,1,,
0.7,,2 Storey,1028888.0,,,,2341.0,8,Full/Finished,2 Garage,89 / X11946599,,77,Taylor Dr,Grand Valley,ON,L9W6P4,"77 Taylor Dr, Grand Valley, ON, L9W6P4",32 Hilborn St Grand Valley ON L9W6V1,3,2,1,,
0.54,,2 Storey,870000.0,,,,1916.0,6,Full/Unfinished,2 Garage,31 / X11978160,,13,Grundy Cres,Grand Valley,ON,L9W7S7,"13 Grundy Cres, Grand Valley, ON, L9W7S7",32 Hilborn St Grand Valley ON L9W6V1,3,2,1,,
